"Status","Start Time","Stop Time","Duration in ms","Parent Suite","Suite","Sub Suite","Test Class","Test Method","Name","Description"
"passed","Sun Sep 21 08:37:39 UTC 2025","Sun Sep 21 08:37:50 UTC 2025","10508","Suite","Test","MLOwner.DispatchHistoryTest","MLOwner.DispatchHistoryTest","testBackToHomeNavigation","testBackToHomeNavigation",""
"passed","Sun Sep 21 08:44:49 UTC 2025","Sun Sep 21 08:44:57 UTC 2025","8749","Suite","Test","GSMBOfficer.MiningLicenseTestSuite","GSMBOfficer.MiningLicenseTestSuite","testNumericFields","testNumericFields",""
"passed","Sun Sep 21 08:38:07 UTC 2025","Sun Sep 21 08:38:14 UTC 2025","7371","Suite","Test","MLOwner.DispatchHistoryTest","MLOwner.DispatchHistoryTest","testInvalidHistoryNavigation","testInvalidHistoryNavigation",""
"passed","Sun Sep 21 08:38:01 UTC 2025","Sun Sep 21 08:38:06 UTC 2025","5432","Suite","Test","MLOwner.DispatchHistoryTest","MLOwner.DispatchHistoryTest","verifyDashboardCardVisible","verifyDashboardCardVisible",""
"passed","Sun Sep 21 08:37:24 UTC 2025","Sun Sep 21 08:37:31 UTC 2025","7164","Suite","Test","MLOwner.DispatchHistoryTest","MLOwner.DispatchHistoryTest","verifyHistoryCardPresent","verifyHistoryCardPresent",""
"passed","Sun Sep 21 09:13:17 UTC 2025","Sun Sep 21 09:13:24 UTC 2025","6854","Suite","Test","GSMBManagement.GSMBManagementDashboard","GSMBManagement.GSMBManagementDashboard","verifyMapComponent","verifyMapComponent",""
"passed","Sun Sep 21 08:33:01 UTC 2025","Sun Sep 21 08:33:35 UTC 2025","34684","Suite","Test","MLOwner.mlownersingin","MLOwner.mlownersingin","testSinhalaVersion","testSinhalaVersion",""
"passed","Sun Sep 21 09:10:36 UTC 2025","Sun Sep 21 09:11:42 UTC 2025","65818","Suite","Test","MiningEngineer.RejectedLicensesTableTest","MiningEngineer.RejectedLicensesTableTest","debugCurrentPageContent","debugCurrentPageContent",""
"passed","Sun Sep 21 08:36:30 UTC 2025","Sun Sep 21 08:36:38 UTC 2025","7899","Suite","Test","MLOwner.LicensesPageTest","MLOwner.LicensesPageTest","testCardContentsAndHistoryButton","testCardContentsAndHistoryButton",""
"passed","Sun Sep 21 08:51:36 UTC 2025","Sun Sep 21 08:51:42 UTC 2025","5726","Suite","Test","GSMBOfficer.TPLandMLview","GSMBOfficer.TPLandMLview","testViewTransportLicense","testViewTransportLicense",""
"passed","Sun Sep 21 08:46:46 UTC 2025","Sun Sep 21 08:46:59 UTC 2025","13028","Suite","Test","GSMBOfficer.RequestMining","GSMBOfficer.RequestMining","testDatePickerFunctionality","testDatePickerFunctionality",""
"skipped","Sun Sep 21 08:31:42 UTC 2025","Sun Sep 21 08:31:42 UTC 2025","1","Suite","Test","Home.homepage","Home.homepage","testTamilVersion","testTamilVersion",""
"passed","Sun Sep 21 09:04:35 UTC 2025","Sun Sep 21 09:04:40 UTC 2025","5192","Suite","Test","GeneralPublic.InvalidNumber","GeneralPublic.InvalidNumber","enterInvalidLicenseAndCheck","enterInvalidLicenseAndCheck",""
"skipped","Sun Sep 21 08:31:42 UTC 2025","Sun Sep 21 08:31:42 UTC 2025","0","Suite","Test","Home.Register","Home.Register","testRegisterMiningLicenseOwner","testRegisterMiningLicenseOwner",""
"passed","Sun Sep 21 08:47:17 UTC 2025","Sun Sep 21 08:47:29 UTC 2025","11719","Suite","Test","GSMBOfficer.RequestMining","GSMBOfficer.RequestMining","testPurposeFieldFunctionality","testPurposeFieldFunctionality",""
"passed","Sun Sep 21 08:51:25 UTC 2025","Sun Sep 21 08:51:31 UTC 2025","5549","Suite","Test","GSMBOfficer.TPLandMLview","GSMBOfficer.TPLandMLview","testViewMiningLicense","testViewMiningLicense",""
"passed","Sun Sep 21 08:43:19 UTC 2025","Sun Sep 21 08:43:22 UTC 2025","3167","Suite","Test","GSMBOfficer.GsmbOfficerSignin","GSMBOfficer.GsmbOfficerSignin","testNavigateToSigninPage","testNavigateToSigninPage",""
"passed","Sun Sep 21 08:37:31 UTC 2025","Sun Sep 21 08:37:39 UTC 2025","7686","Suite","Test","MLOwner.DispatchHistoryTest","MLOwner.DispatchHistoryTest","testPrintReceiptNavigation","testPrintReceiptNavigation",""
"broken","Sun Sep 21 08:59:49 UTC 2025","Sun Sep 21 09:00:31 UTC 2025","42565","Suite","Test","GSMBOfficer.ValidateLicense","GSMBOfficer.ValidateLicense","testCloseValidationModal","testCloseValidationModal",""
"passed","Sun Sep 21 08:56:30 UTC 2025","Sun Sep 21 08:56:40 UTC 2025","10055","Suite","Test","GSMBOfficer.RequestMiningFilter","GSMBOfficer.RequestMiningFilter","testPendingFilter","testPendingFilter",""
"skipped","Sun Sep 21 08:31:42 UTC 2025","Sun Sep 21 08:31:42 UTC 2025","0","Suite","Test","Home.Register","Home.Register","testRegisterMissingRequiredField","testRegisterMissingRequiredField",""
"passed","Sun Sep 21 09:05:16 UTC 2025","Sun Sep 21 09:05:16 UTC 2025","164","Suite","Test","MiningEngineer.AppointmentsTabNavigationTest","MiningEngineer.AppointmentsTabNavigationTest","testSwitchToApprovedTab","testSwitchToApprovedTab",""
"skipped","Sun Sep 21 09:01:07 UTC 2025","Sun Sep 21 09:01:07 UTC 2025","0","Suite","Test","PoliceOfficer.validnumber","PoliceOfficer.validnumber","enterCredentialsAndLogin","Enter valid credentials and log in as a police officer",""
"passed","Sun Sep 21 09:01:19 UTC 2025","Sun Sep 21 09:01:26 UTC 2025","7170","Suite","Test","PoliceOfficer.invalidnumber","PoliceOfficer.invalidnumber","clickCheckButtonAndVerifyResponse","clickCheckButtonAndVerifyResponse",""
"passed","Sun Sep 21 09:05:04 UTC 2025","Sun Sep 21 09:05:05 UTC 2025","1190","Suite","Test","MiningEngineer.AppointmentsSetDateTest","MiningEngineer.AppointmentsSetDateTest","testSetDateButtonClickOpensPopover","testSetDateButtonClickOpensPopover",""
"passed","Sun Sep 21 08:56:03 UTC 2025","Sun Sep 21 08:56:28 UTC 2025","24917","Suite","Test","GSMBOfficer.RequestMiningFilter","GSMBOfficer.RequestMiningFilter","testPhysicalDocumentFilter","testPhysicalDocumentFilter",""
"passed","Sun Sep 21 09:01:08 UTC 2025","Sun Sep 21 09:01:13 UTC 2025","4850","Suite","Test","PoliceOfficer.invalidnumber","PoliceOfficer.invalidnumber","loginToPoliceDashboard","loginToPoliceDashboard",""
"passed","Sun Sep 21 08:31:57 UTC 2025","Sun Sep 21 08:32:03 UTC 2025","5280","Suite","Test","MLOwner.mlownerhome","MLOwner.mlownerhome","testViewAllLicensesCard","testViewAllLicensesCard",""
"passed","Sun Sep 21 08:42:50 UTC 2025","Sun Sep 21 08:43:04 UTC 2025","13179","Suite","Test","MLOwner.RoyaltyPayementTest","MLOwner.RoyaltyPayementTest","zeroAmountShouldTriggerValidation","zeroAmountShouldTriggerValidation",""
"passed","Sun Sep 21 08:53:26 UTC 2025","Sun Sep 21 08:54:12 UTC 2025","45996","Suite","Test","GSMBOfficer.PhysicalMeeting","GSMBOfficer.PhysicalMeeting","testPhysicalMeetingApprovalWorkflow","testPhysicalMeetingApprovalWorkflow",""
"passed","Sun Sep 21 08:33:51 UTC 2025","Sun Sep 21 08:33:56 UTC 2025","5269","Suite","Test","MLOwner.MLRequestFormTest","MLOwner.MLRequestFormTest","loginToDashboard","loginToDashboard",""
"passed","Sun Sep 21 09:05:16 UTC 2025","Sun Sep 21 09:05:16 UTC 2025","155","Suite","Test","MiningEngineer.AppointmentsTabNavigationTest","MiningEngineer.AppointmentsTabNavigationTest","testSwitchToRejectedTab","testSwitchToRejectedTab",""
"passed","Sun Sep 21 09:00:33 UTC 2025","Sun Sep 21 09:00:37 UTC 2025","3332","Suite","Test","PoliceOfficer.policeofficersignin","PoliceOfficer.policeofficersignin","navigateToSignInPage","Navigate from homepage to the Sign In page",""
"passed","Sun Sep 21 08:35:00 UTC 2025","Sun Sep 21 08:35:08 UTC 2025","7660","Suite","Test","MLOwner.MLRequestFormTest","MLOwner.MLRequestFormTest","testMissingMandatoryField","testMissingMandatoryField",""
"passed","Sun Sep 21 09:14:00 UTC 2025","Sun Sep 21 09:14:06 UTC 2025","5626","Suite","Test","GSMBManagement.ActivationPageTest","GSMBManagement.ActivationPageTest","login","login",""
"passed","Sun Sep 21 08:45:11 UTC 2025","Sun Sep 21 08:45:21 UTC 2025","10171","Suite","Test","GSMBOfficer.MiningLicenseTestSuite","GSMBOfficer.MiningLicenseTestSuite","testMultipleFileUploads","testMultipleFileUploads",""
"passed","Sun Sep 21 08:39:00 UTC 2025","Sun Sep 21 08:39:17 UTC 2025","17172","Suite","Test","MLOwner.DispatchLoadPageTest","MLOwner.DispatchLoadPageTest","submitDispatchForm","submitDispatchForm",""
"passed","Sun Sep 21 09:13:37 UTC 2025","Sun Sep 21 09:13:46 UTC 2025","9100","Suite","Test","GSMBManagement.GSMBManagementDashboard","GSMBManagement.GSMBManagementDashboard","testActivationNavigation","testActivationNavigation",""
"passed","Sun Sep 21 09:11:58 UTC 2025","Sun Sep 21 09:11:58 UTC 2025","17","Suite","Test","MiningEngineer.ScheduledTabTests","MiningEngineer.ScheduledTabTests","verifyScheduledDateColumnExists","verifyScheduledDateColumnExists",""
"passed","Sun Sep 21 08:45:48 UTC 2025","Sun Sep 21 08:46:05 UTC 2025","16565","Suite","Test","GSMBOfficer.MiningLicenseTestSuite","GSMBOfficer.MiningLicenseTestSuite","testCompleteAddLicenseWorkflow","testCompleteAddLicenseWorkflow",""
"passed","Sun Sep 21 08:35:08 UTC 2025","Sun Sep 21 08:35:16 UTC 2025","7736","Suite","Test","MLOwner.MLRequestFormTest","MLOwner.MLRequestFormTest","testFormValidationWithPartialData","testFormValidationWithPartialData",""
"passed","Sun Sep 21 08:52:53 UTC 2025","Sun Sep 21 08:53:01 UTC 2025","7754","Suite","Test","GSMBOfficer.PhysicalMeeting","GSMBOfficer.PhysicalMeeting","testSuccessfulLogin","testSuccessfulLogin",""
"passed","Sun Sep 21 09:05:51 UTC 2025","Sun Sep 21 09:05:51 UTC 2025","10","Suite","Test","MiningEngineer.ApprovedLicensesTableTest","MiningEngineer.ApprovedLicensesTableTest","verifyApprovedAppointmentsExist","verifyApprovedAppointmentsExist",""
"passed","Sun Sep 21 08:32:14 UTC 2025","Sun Sep 21 08:32:20 UTC 2025","5643","Suite","Test","MLOwner.mlownersingin","MLOwner.mlownersingin","testInvalidLogin","testInvalidLogin",""
"skipped","Sun Sep 21 09:01:07 UTC 2025","Sun Sep 21 09:01:07 UTC 2025","0","Suite","Test","PoliceOfficer.policeofficersignin","PoliceOfficer.policeofficersignin","verifyLogoutFunctionality","Verify the logout functionality",""
"passed","Sun Sep 21 08:37:50 UTC 2025","Sun Sep 21 08:38:01 UTC 2025","10520","Suite","Test","MLOwner.DispatchHistoryTest","MLOwner.DispatchHistoryTest","testHistoryCardsAbsentCase","testHistoryCardsAbsentCase",""
"passed","Sun Sep 21 08:35:29 UTC 2025","Sun Sep 21 08:35:37 UTC 2025","7909","Suite","Test","MLOwner.MLOwnerButtonTabsTest","MLOwner.MLOwnerButtonTabsTest","navigateToLicensesPage","navigateToLicensesPage",""
"skipped","Sun Sep 21 08:31:46 UTC 2025","Sun Sep 21 08:31:46 UTC 2025","1","Suite","Test","Home.Resetpassword","Home.Resetpassword","testResetPasswordWithInvalidToken","testResetPasswordWithInvalidToken",""
"skipped","Sun Sep 21 08:31:46 UTC 2025","Sun Sep 21 08:31:46 UTC 2025","0","Suite","Test","Home.Resetpassword","Home.Resetpassword","testFetchResetLinkFromEmail","testFetchResetLinkFromEmail",""
"passed","Sun Sep 21 09:13:46 UTC 2025","Sun Sep 21 09:13:53 UTC 2025","6673","Suite","Test","GSMBManagement.GSMBManagementDashboard","GSMBManagement.GSMBManagementDashboard","verifyOfficerActivationPage","verifyOfficerActivationPage",""
"skipped","Sun Sep 21 08:31:42 UTC 2025","Sun Sep 21 08:31:42 UTC 2025","0","Suite","Test","Home.Register","Home.Register","testRegisterPolice","testRegisterPolice",""
"passed","Sun Sep 21 08:55:17 UTC 2025","Sun Sep 21 08:56:01 UTC 2025","43903","Suite","Test","GSMBOfficer.PhysicalMeeting","GSMBOfficer.PhysicalMeeting","testMultipleFileFormatsUpload","testMultipleFileFormatsUpload",""
"passed","Sun Sep 21 08:54:45 UTC 2025","Sun Sep 21 08:55:01 UTC 2025","15830","Suite","Test","GSMBOfficer.PhysicalMeeting","GSMBOfficer.PhysicalMeeting","testApprovalValidationWithoutReceipt","testApprovalValidationWithoutReceipt",""
"passed","Sun Sep 21 08:46:12 UTC 2025","Sun Sep 21 08:46:17 UTC 2025","5009","Suite","Test","GSMBOfficer.RequestMining","GSMBOfficer.RequestMining","testNavigateToRequestMining","testNavigateToRequestMining",""
"passed","Sun Sep 21 08:43:48 UTC 2025","Sun Sep 21 08:43:53 UTC 2025","4909","Suite","Test","GSMBOfficer.MiningLicenseTestSuite","GSMBOfficer.MiningLicenseTestSuite","testSuccessfulLogin","testSuccessfulLogin",""
"passed","Sun Sep 21 08:41:50 UTC 2025","Sun Sep 21 08:42:30 UTC 2025","40093","Suite","Test","MLOwner.RoyaltyPayementTest","MLOwner.RoyaltyPayementTest","invalidCardDetailsShouldFail","invalidCardDetailsShouldFail",""
"broken","Sun Sep 21 09:14:06 UTC 2025","Sun Sep 21 09:14:39 UTC 2025","32760","Suite","Test","GSMBManagement.ActivationPageTest","GSMBManagement.ActivationPageTest","navigateToActivation","navigateToActivation",""
"skipped","Sun Sep 21 08:31:42 UTC 2025","Sun Sep 21 08:31:42 UTC 2025","0","Suite","Test","Home.Register","Home.Register","testRegisterGSMBOfficer","testRegisterGSMBOfficer",""
"broken","Sun Sep 21 09:07:15 UTC 2025","Sun Sep 21 09:07:55 UTC 2025","40384","Suite","Test","MiningEngineer.ApproveModalScheduled","MiningEngineer.ApproveModalScheduled","testApproveModalRequiredValidation","testApproveModalRequiredValidation",""
"passed","Sun Sep 21 08:37:18 UTC 2025","Sun Sep 21 08:37:23 UTC 2025","5436","Suite","Test","MLOwner.DispatchHistoryTest","MLOwner.DispatchHistoryTest","verifyDispatchHistoryTitleVisible","verifyDispatchHistoryTitleVisible",""
"passed","Sun Sep 21 08:45:00 UTC 2025","Sun Sep 21 08:45:09 UTC 2025","9303","Suite","Test","GSMBOfficer.MiningLicenseTestSuite","GSMBOfficer.MiningLicenseTestSuite","testFileUploadFunctionality","testFileUploadFunctionality",""
"broken","Sun Sep 21 09:00:37 UTC 2025","Sun Sep 21 09:01:07 UTC 2025","30203","Suite","Test","PoliceOfficer.policeofficersignin","PoliceOfficer.policeofficersignin","enterCredentialsAndLogin","Enter valid credentials and log in as a police officer",""
"passed","Sun Sep 21 08:37:07 UTC 2025","Sun Sep 21 08:37:12 UTC 2025","5335","Suite","Test","MLOwner.DispatchHistoryTest","MLOwner.DispatchHistoryTest","loginToDashboard","loginToDashboard",""
"passed","Sun Sep 21 09:01:13 UTC 2025","Sun Sep 21 09:01:19 UTC 2025","5860","Suite","Test","PoliceOfficer.invalidnumber","PoliceOfficer.invalidnumber","enterInvalidLicenseNumber","enterInvalidLicenseNumber",""
"skipped","Sun Sep 21 08:31:42 UTC 2025","Sun Sep 21 08:31:42 UTC 2025","0","Suite","Test","Home.homepage","Home.homepage","testSinhalaVersion","testSinhalaVersion",""
"passed","Sun Sep 21 08:35:51 UTC 2025","Sun Sep 21 08:35:57 UTC 2025","5319","Suite","Test","MLOwner.LicensesPageTest","MLOwner.LicensesPageTest","loginWithInvalidCredentials","loginWithInvalidCredentials",""
"passed","Sun Sep 21 08:43:39 UTC 2025","Sun Sep 21 08:43:44 UTC 2025","5139","Suite","Test","GSMBOfficer.GsmbOfficerSignin","GSMBOfficer.GsmbOfficerSignin","testEmptyFieldsLogin","testEmptyFieldsLogin",""
"passed","Sun Sep 21 09:13:53 UTC 2025","Sun Sep 21 09:14:00 UTC 2025","6524","Suite","Test","GSMBManagement.GSMBManagementDashboard","GSMBManagement.GSMBManagementDashboard","testCompleteFlowValidation","testCompleteFlowValidation",""
"passed","Sun Sep 21 08:39:17 UTC 2025","Sun Sep 21 08:40:18 UTC 2025","60292","Suite","Test","MLOwner.DispatchLoadPageTest","MLOwner.DispatchLoadPageTest","testCompleteDispatchLoadFlow","testCompleteDispatchLoadFlow",""
"skipped","Sun Sep 21 09:01:07 UTC 2025","Sun Sep 21 09:01:07 UTC 2025","0","Suite","Test","PoliceOfficer.validnumber","PoliceOfficer.validnumber","checkValidVehicleNumber","Check for a valid vehicle number",""
"passed","Sun Sep 21 08:35:57 UTC 2025","Sun Sep 21 08:36:02 UTC 2025","5089","Suite","Test","MLOwner.LicensesPageTest","MLOwner.LicensesPageTest","loginToDashboard","loginToDashboard",""
"passed","Sun Sep 21 08:53:03 UTC 2025","Sun Sep 21 08:53:12 UTC 2025","8562","Suite","Test","GSMBOfficer.PhysicalMeeting","GSMBOfficer.PhysicalMeeting","testNavigateToMiningLicenseTab","testNavigateToMiningLicenseTab",""
"skipped","Sun Sep 21 08:31:46 UTC 2025","Sun Sep 21 08:31:46 UTC 2025","0","Suite","Test","Home.Resetpassword","Home.Resetpassword","testFetchResetLinkTimeout","testFetchResetLinkTimeout",""
"passed","Sun Sep 21 08:32:08 UTC 2025","Sun Sep 21 08:32:14 UTC 2025","5680","Suite","Test","MLOwner.mlownerhome","MLOwner.mlownerhome","testViewRequestedLicensesModal","testViewRequestedLicensesModal",""
"passed","Sun Sep 21 09:11:42 UTC 2025","Sun Sep 21 09:11:48 UTC 2025","6166","Suite","Test","MiningEngineer.RejectedLicensesTableTest","MiningEngineer.RejectedLicensesTableTest","testBasicInteraction","testBasicInteraction",""
"passed","Sun Sep 21 08:34:04 UTC 2025","Sun Sep 21 08:34:16 UTC 2025","12436","Suite","Test","MLOwner.MLRequestFormTest","MLOwner.MLRequestFormTest","fillMLRequestFormFields","fillMLRequestFormFields",""
"passed","Sun Sep 21 08:57:40 UTC 2025","Sun Sep 21 08:57:48 UTC 2025","8247","Suite","Test","GSMBOfficer.RequestMiningFilter","GSMBOfficer.RequestMiningFilter","testFilterDropdownVisibility","testFilterDropdownVisibility",""
"broken","Sun Sep 21 08:31:42 UTC 2025","Sun Sep 21 08:31:42 UTC 2025","2","Suite","Test","Home.homepage","Home.homepage","setup","setup",""
"skipped","Sun Sep 21 08:31:42 UTC 2025","Sun Sep 21 08:31:42 UTC 2025","0","Suite","Test","Home.homepage","Home.homepage","testServiceSection","testServiceSection",""
"passed","Sun Sep 21 08:33:57 UTC 2025","Sun Sep 21 08:34:03 UTC 2025","6549","Suite","Test","MLOwner.MLRequestFormTest","MLOwner.MLRequestFormTest","openMLRequestFormPage","openMLRequestFormPage",""
"passed","Sun Sep 21 08:38:36 UTC 2025","Sun Sep 21 08:38:43 UTC 2025","6476","Suite","Test","MLOwner.DispatchLoadPageTest","MLOwner.DispatchLoadPageTest","validateLicenseAndRoute1","validateLicenseAndRoute1",""
"skipped","Sun Sep 21 09:01:07 UTC 2025","Sun Sep 21 09:01:07 UTC 2025","0","Suite","Test","PoliceOfficer.validnumber","PoliceOfficer.validnumber","navigateToSignInPage","Navigate from homepage to the Sign In page",""
"broken","Sun Sep 21 08:31:46 UTC 2025","Sun Sep 21 08:31:46 UTC 2025","0","Suite","Test","Home.Resetpassword","Home.Resetpassword","setup","setup",""
"passed","Sun Sep 21 09:05:51 UTC 2025","Sun Sep 21 09:05:51 UTC 2025","936","Suite","Test","MiningEngineer.ApprovedLicensesTableTest","MiningEngineer.ApprovedLicensesTableTest","verifyGoogleMapsLink","verifyGoogleMapsLink",""
"broken","Sun Sep 21 08:57:08 UTC 2025","Sun Sep 21 08:57:38 UTC 2025","30017","Suite","Test","GSMBOfficer.RequestMiningFilter","GSMBOfficer.RequestMiningFilter","testUnderReviewFilter","testUnderReviewFilter",""
"passed","Sun Sep 21 08:35:44 UTC 2025","Sun Sep 21 08:35:51 UTC 2025","6695","Suite","Test","MLOwner.MLOwnerButtonTabsTest","MLOwner.MLOwnerButtonTabsTest","testMLRequestButton","testMLRequestButton",""
"broken","Sun Sep 21 09:09:25 UTC 2025","Sun Sep 21 09:09:30 UTC 2025","5041","Suite","Test","MiningEngineer.HoldModalScheduled","MiningEngineer.HoldModalScheduled","testHoldModalCloseButton","testHoldModalCloseButton",""
"passed","Sun Sep 21 08:43:45 UTC 2025","Sun Sep 21 08:43:48 UTC 2025","3328","Suite","Test","GSMBOfficer.GsmbOfficerSignin","GSMBOfficer.GsmbOfficerSignin","testSigninFormElementsInteraction","testSigninFormElementsInteraction",""
"broken","Sun Sep 21 09:06:35 UTC 2025","Sun Sep 21 09:07:15 UTC 2025","40459","Suite","Test","MiningEngineer.ApproveModalScheduled","MiningEngineer.ApproveModalScheduled","testApproveModalFieldPresence","testApproveModalFieldPresence",""
"broken","Sun Sep 21 09:08:05 UTC 2025","Sun Sep 21 09:08:45 UTC 2025","40456","Suite","Test","MiningEngineer.HoldModalScheduled","MiningEngineer.HoldModalScheduled","testHoldModalFieldPresence","testHoldModalFieldPresence",""
"passed","Sun Sep 21 09:04:31 UTC 2025","Sun Sep 21 09:04:34 UTC 2025","3106","Suite","Test","GeneralPublic.InvalidNumber","GeneralPublic.InvalidNumber","navigateToPublicPageTest","navigateToPublicPageTest",""
"passed","Sun Sep 21 08:44:13 UTC 2025","Sun Sep 21 08:44:22 UTC 2025","8765","Suite","Test","GSMBOfficer.MiningLicenseTestSuite","GSMBOfficer.MiningLicenseTestSuite","testBasicFormFields","testBasicFormFields",""
"passed","Sun Sep 21 08:35:37 UTC 2025","Sun Sep 21 08:35:44 UTC 2025","6739","Suite","Test","MLOwner.MLOwnerButtonTabsTest","MLOwner.MLOwnerButtonTabsTest","testRequestedLicensesButton","testRequestedLicensesButton",""
"passed","Sun Sep 21 08:34:28 UTC 2025","Sun Sep 21 08:34:39 UTC 2025","11048","Suite","Test","MLOwner.MLRequestFormTest","MLOwner.MLRequestFormTest","uploadRequiredFiles","uploadRequiredFiles",""
"skipped","Sun Sep 21 09:04:28 UTC 2025","Sun Sep 21 09:04:28 UTC 2025","0","Suite","Test","GeneralPublic.GeneralPublicDashboard","GeneralPublic.GeneralPublicDashboard","enterAndSubmitVehicleNumber","enterAndSubmitVehicleNumber",""
"passed","Sun Sep 21 09:13:10 UTC 2025","Sun Sep 21 09:13:17 UTC 2025","6527","Suite","Test","GSMBManagement.GSMBManagementDashboard","GSMBManagement.GSMBManagementDashboard","verifyTopDestinationsChart","verifyTopDestinationsChart",""
"broken","Sun Sep 21 09:01:07 UTC 2025","Sun Sep 21 09:01:07 UTC 2025","0","Suite","Test","PoliceOfficer.validnumber","PoliceOfficer.validnumber","setup","setup",""
"passed","Sun Sep 21 09:03:09 UTC 2025","Sun Sep 21 09:03:46 UTC 2025","37635","Suite","Test","PoliceOfficer.invalidnumber","PoliceOfficer.invalidnumber","testCompleteInvalidLicenseFlow","testCompleteInvalidLicenseFlow",""
"passed","Sun Sep 21 08:41:42 UTC 2025","Sun Sep 21 08:41:50 UTC 2025","8408","Suite","Test","MLOwner.RoyaltyPayementTest","MLOwner.RoyaltyPayementTest","emptyAmountShouldShowError","emptyAmountShouldShowError",""
"passed","Sun Sep 21 08:32:03 UTC 2025","Sun Sep 21 08:32:08 UTC 2025","5151","Suite","Test","MLOwner.mlownerhome","MLOwner.mlownerhome","testRequestMiningLicenseCard","testRequestMiningLicenseCard",""
"failed","Sun Sep 21 08:36:55 UTC 2025","Sun Sep 21 08:37:06 UTC 2025","11664","Suite","Test","MLOwner.LicensesPageTest","MLOwner.LicensesPageTest","testPageRefreshAndDataPersistence","testPageRefreshAndDataPersistence",""
"broken","Sun Sep 21 09:08:45 UTC 2025","Sun Sep 21 09:09:25 UTC 2025","40399","Suite","Test","MiningEngineer.HoldModalScheduled","MiningEngineer.HoldModalScheduled","testHoldModalRequiredValidation","testHoldModalRequiredValidation",""
"skipped","Sun Sep 21 08:31:42 UTC 2025","Sun Sep 21 08:31:42 UTC 2025","0","Suite","Test","Home.Register","Home.Register","testRegisterMiningEngineer","testRegisterMiningEngineer",""
"passed","Sun Sep 21 09:05:51 UTC 2025","Sun Sep 21 09:05:51 UTC 2025","6","Suite","Test","MiningEngineer.ApprovedLicensesTableTest","MiningEngineer.ApprovedLicensesTableTest","verifyApprovedLicensesExist","verifyApprovedLicensesExist",""
"passed","Sun Sep 21 08:38:30 UTC 2025","Sun Sep 21 08:38:36 UTC 2025","5601","Suite","Test","MLOwner.DispatchLoadPageTest","MLOwner.DispatchLoadPageTest","openDispatchLoadPage","openDispatchLoadPage",""
"broken","Sun Sep 21 09:03:55 UTC 2025","Sun Sep 21 09:04:28 UTC 2025","32721","Suite","Test","GeneralPublic.GeneralPublicDashboard","GeneralPublic.GeneralPublicDashboard","clickCheckValidityButton","clickCheckValidityButton",""
"passed","Sun Sep 21 09:05:15 UTC 2025","Sun Sep 21 09:05:16 UTC 2025","164","Suite","Test","MiningEngineer.AppointmentsTabNavigationTest","MiningEngineer.AppointmentsTabNavigationTest","testSwitchToHoldTab","testSwitchToHoldTab",""
"skipped","Sun Sep 21 08:31:46 UTC 2025","Sun Sep 21 08:31:46 UTC 2025","0","Suite","Test","Home.Resetpassword","Home.Resetpassword","testRequestPasswordReset","testRequestPasswordReset",""
"passed","Sun Sep 21 08:46:07 UTC 2025","Sun Sep 21 08:46:12 UTC 2025","4858","Suite","Test","GSMBOfficer.RequestMining","GSMBOfficer.RequestMining","testUserLogin","testUserLogin",""
"passed","Sun Sep 21 09:12:12 UTC 2025","Sun Sep 21 09:12:23 UTC 2025","11728","Suite","Test","GSMBManagement.GSMBManagementDashboard","GSMBManagement.GSMBManagementDashboard","verifyKPICards","verifyKPICards",""
"passed","Sun Sep 21 08:36:08 UTC 2025","Sun Sep 21 08:36:16 UTC 2025","7289","Suite","Test","MLOwner.LicensesPageTest","MLOwner.LicensesPageTest","testSearchFunctionality","testSearchFunctionality",""
"skipped","Sun Sep 21 08:31:42 UTC 2025","Sun Sep 21 08:31:42 UTC 2025","1","Suite","Test","Home.homepage","Home.homepage","testAboutSection","testAboutSection",""
"passed","Sun Sep 21 09:05:16 UTC 2025","Sun Sep 21 09:05:16 UTC 2025","153","Suite","Test","MiningEngineer.AppointmentsTabNavigationTest","MiningEngineer.AppointmentsTabNavigationTest","testSwitchToScheduledTab","testSwitchToScheduledTab",""
"broken","Sun Sep 21 09:05:51 UTC 2025","Sun Sep 21 09:06:25 UTC 2025","33828","Suite","Test","MiningEngineer.ApprovedLicensesTableTest","MiningEngineer.ApprovedLicensesTableTest","testViewDetailsButtonWorks","testViewDetailsButtonWorks",""
"passed","Sun Sep 21 08:43:04 UTC 2025","Sun Sep 21 08:43:13 UTC 2025","9409","Suite","Test","MLOwner.RoyaltyPayementTest","MLOwner.RoyaltyPayementTest","formShouldResetOnModalReopen","formShouldResetOnModalReopen",""
"passed","Sun Sep 21 08:46:36 UTC 2025","Sun Sep 21 08:46:46 UTC 2025","9212","Suite","Test","GSMBOfficer.RequestMining","GSMBOfficer.RequestMining","testScheduleButtonFunctionality","testScheduleButtonFunctionality",""
"passed","Sun Sep 21 08:46:59 UTC 2025","Sun Sep 21 08:47:17 UTC 2025","17343","Suite","Test","GSMBOfficer.RequestMining","GSMBOfficer.RequestMining","testLocationFieldFunctionality","testLocationFieldFunctionality",""
"broken","Sun Sep 21 09:09:30 UTC 2025","Sun Sep 21 09:10:11 UTC 2025","40445","Suite","Test","MiningEngineer.HoldModalScheduled","MiningEngineer.HoldModalScheduled","testHoldModalValidSubmission","testHoldModalValidSubmission",""
"skipped","Sun Sep 21 08:31:42 UTC 2025","Sun Sep 21 08:31:42 UTC 2025","0","Suite","Test","Home.homepage","Home.homepage","testContactSection","testContactSection",""
"passed","Sun Sep 21 08:38:25 UTC 2025","Sun Sep 21 08:38:30 UTC 2025","4988","Suite","Test","MLOwner.DispatchLoadPageTest","MLOwner.DispatchLoadPageTest","loginToMLDashboard","loginToMLDashboard",""
"skipped","Sun Sep 21 08:31:46 UTC 2025","Sun Sep 21 08:31:46 UTC 2025","0","Suite","Test","Home.Resetpassword","Home.Resetpassword","testResetPasswordWithMismatchedPasswords","testResetPasswordWithMismatchedPasswords",""
"skipped","Sun Sep 21 09:04:28 UTC 2025","Sun Sep 21 09:04:28 UTC 2025","0","Suite","Test","GeneralPublic.GeneralPublicDashboard","GeneralPublic.GeneralPublicDashboard","verifyModalResponse","verifyModalResponse",""
"passed","Sun Sep 21 09:11:58 UTC 2025","Sun Sep 21 09:11:58 UTC 2025","11","Suite","Test","MiningEngineer.ScheduledTabTests","MiningEngineer.ScheduledTabTests","verifyScheduledAppointmentsExist","verifyScheduledAppointmentsExist",""
"passed","Sun Sep 21 08:54:14 UTC 2025","Sun Sep 21 08:54:25 UTC 2025","10601","Suite","Test","GSMBOfficer.PhysicalMeeting","GSMBOfficer.PhysicalMeeting","testPhysicalMeetingRejectionWorkflow","testPhysicalMeetingRejectionWorkflow",""
"passed","Sun Sep 21 09:12:38 UTC 2025","Sun Sep 21 09:12:51 UTC 2025","13641","Suite","Test","GSMBManagement.GSMBManagementDashboard","GSMBManagement.GSMBManagementDashboard","verifyTopMiningLicenseHolders","verifyTopMiningLicenseHolders",""
"broken","Sun Sep 21 09:10:11 UTC 2025","Sun Sep 21 09:10:11 UTC 2025","142","Suite","Test","MiningEngineer.MiningEngineerSignIn","MiningEngineer.MiningEngineerSignIn","MiningEngineerSignIn","MiningEngineerSignIn",""
"passed","Sun Sep 21 08:36:38 UTC 2025","Sun Sep 21 08:36:45 UTC 2025","7140","Suite","Test","MLOwner.LicensesPageTest","MLOwner.LicensesPageTest","testBrokenHistoryNavigation","testBrokenHistoryNavigation",""
"passed","Sun Sep 21 08:42:31 UTC 2025","Sun Sep 21 08:42:42 UTC 2025","10845","Suite","Test","MLOwner.RoyaltyPayementTest","MLOwner.RoyaltyPayementTest","modalShouldNotOpenIfButtonMissing","modalShouldNotOpenIfButtonMissing",""
"passed","Sun Sep 21 08:35:24 UTC 2025","Sun Sep 21 08:35:29 UTC 2025","5087","Suite","Test","MLOwner.MLOwnerButtonTabsTest","MLOwner.MLOwnerButtonTabsTest","testLogin","testLogin",""
"passed","Sun Sep 21 08:40:37 UTC 2025","Sun Sep 21 08:40:53 UTC 2025","15978","Suite","Test","MLOwner.RoyaltyPayementTest","MLOwner.RoyaltyPayementTest","openRoyaltyModal","openRoyaltyModal",""
"passed","Sun Sep 21 08:55:03 UTC 2025","Sun Sep 21 08:55:14 UTC 2025","11556","Suite","Test","GSMBOfficer.PhysicalMeeting","GSMBOfficer.PhysicalMeeting","testReceiptUploadFunctionality","testReceiptUploadFunctionality",""
"passed","Sun Sep 21 08:34:39 UTC 2025","Sun Sep 21 08:35:00 UTC 2025","20903","Suite","Test","MLOwner.MLRequestFormTest","MLOwner.MLRequestFormTest","submitFormSuccessfully","submitFormSuccessfully",""
"passed","Sun Sep 21 08:43:22 UTC 2025","Sun Sep 21 08:43:27 UTC 2025","4908","Suite","Test","GSMBOfficer.GsmbOfficerSignin","GSMBOfficer.GsmbOfficerSignin","testValidLogin","testValidLogin",""
"passed","Sun Sep 21 08:58:11 UTC 2025","Sun Sep 21 08:58:18 UTC 2025","7077","Suite","Test","GSMBOfficer.ValidateLicense","GSMBOfficer.ValidateLicense","testNavigateToMiningLicenseTab","testNavigateToMiningLicenseTab",""
"skipped","Sun Sep 21 09:14:39 UTC 2025","Sun Sep 21 09:14:39 UTC 2025","0","Suite","Test","GSMBManagement.ActivationPageTest","GSMBManagement.ActivationPageTest","verifyTabsAndActivateAll","verifyTabsAndActivateAll",""
"passed","Sun Sep 21 09:12:05 UTC 2025","Sun Sep 21 09:12:11 UTC 2025","6502","Suite","Test","GSMBManagement.GSMBManagementDashboard","GSMBManagement.GSMBManagementDashboard","verifyDashboardLoad","verifyDashboardLoad",""
"passed","Sun Sep 21 09:11:58 UTC 2025","Sun Sep 21 09:11:58 UTC 2025","16","Suite","Test","MiningEngineer.ScheduledTabTests","MiningEngineer.ScheduledTabTests","verifyViewOnMapLinkWorks","verifyViewOnMapLinkWorks",""
"passed","Sun Sep 21 08:44:24 UTC 2025","Sun Sep 21 08:44:34 UTC 2025","10000","Suite","Test","GSMBOfficer.MiningLicenseTestSuite","GSMBOfficer.MiningLicenseTestSuite","testDropdownFields","testDropdownFields",""
"passed","Sun Sep 21 08:40:32 UTC 2025","Sun Sep 21 08:40:37 UTC 2025","5086","Suite","Test","MLOwner.RoyaltyPayementTest","MLOwner.RoyaltyPayementTest","login","login",""
"passed","Sun Sep 21 08:31:51 UTC 2025","Sun Sep 21 08:31:57 UTC 2025","6162","Suite","Test","MLOwner.mlownerhome","MLOwner.mlownerhome","testLogin","testLogin",""
"passed","Sun Sep 21 08:43:55 UTC 2025","Sun Sep 21 08:44:11 UTC 2025","15636","Suite","Test","GSMBOfficer.MiningLicenseTestSuite","GSMBOfficer.MiningLicenseTestSuite","testNavigateToAddLicense","testNavigateToAddLicense",""
"passed","Sun Sep 21 09:03:47 UTC 2025","Sun Sep 21 09:03:52 UTC 2025","4936","Suite","Test","PoliceOfficer.invalidnumber","PoliceOfficer.invalidnumber","printPageElementsForDebugging","printPageElementsForDebugging",""
"passed","Sun Sep 21 09:13:24 UTC 2025","Sun Sep 21 09:13:37 UTC 2025","12250","Suite","Test","GSMBManagement.GSMBManagementDashboard","GSMBManagement.GSMBManagementDashboard","verifyMiningLicenseChart","verifyMiningLicenseChart",""
"passed","Sun Sep 21 08:45:24 UTC 2025","Sun Sep 21 08:45:34 UTC 2025","10436","Suite","Test","GSMBOfficer.MiningLicenseTestSuite","GSMBOfficer.MiningLicenseTestSuite","testEmptyFormSubmission","testEmptyFormSubmission",""
"passed","Sun Sep 21 09:05:05 UTC 2025","Sun Sep 21 09:05:06 UTC 2025","480","Suite","Test","MiningEngineer.AppointmentsSetDateTest","MiningEngineer.AppointmentsSetDateTest","testDateSelection","testDateSelection",""
"passed","Sun Sep 21 08:32:26 UTC 2025","Sun Sep 21 08:33:00 UTC 2025","34756","Suite","Test","MLOwner.mlownersingin","MLOwner.mlownersingin","testTamilVersion","testTamilVersion",""
"passed","Sun Sep 21 08:57:50 UTC 2025","Sun Sep 21 08:58:01 UTC 2025","11079","Suite","Test","GSMBOfficer.RequestMiningFilter","GSMBOfficer.RequestMiningFilter","testFilterReset","testFilterReset",""
"passed","Sun Sep 21 08:56:55 UTC 2025","Sun Sep 21 08:57:05 UTC 2025","10664","Suite","Test","GSMBOfficer.RequestMiningFilter","GSMBOfficer.RequestMiningFilter","testRejectedFilter","testRejectedFilter",""
"passed","Sun Sep 21 08:40:18 UTC 2025","Sun Sep 21 08:40:26 UTC 2025","8058","Suite","Test","MLOwner.DispatchLoadPageTest","MLOwner.DispatchLoadPageTest","testFormValidationWithEmptyFields","testFormValidationWithEmptyFields",""
"passed","Sun Sep 21 08:53:14 UTC 2025","Sun Sep 21 08:53:24 UTC 2025","9326","Suite","Test","GSMBOfficer.PhysicalMeeting","GSMBOfficer.PhysicalMeeting","testOpenPhysicalMeetingModal","testOpenPhysicalMeetingModal",""
"passed","Sun Sep 21 08:33:36 UTC 2025","Sun Sep 21 08:33:46 UTC 2025","10092","Suite","Test","MLOwner.mlownersingin","MLOwner.mlownersingin","testMissingLanguageButton","testMissingLanguageButton",""
"passed","Sun Sep 21 08:33:46 UTC 2025","Sun Sep 21 08:33:51 UTC 2025","4829","Suite","Test","MLOwner.mlownersingin","MLOwner.mlownersingin","testBlankLoginFields","testBlankLoginFields",""
"passed","Sun Sep 21 09:12:31 UTC 2025","Sun Sep 21 09:12:37 UTC 2025","6602","Suite","Test","GSMBManagement.GSMBManagementDashboard","GSMBManagement.GSMBManagementDashboard","verifyMonthlySandCubesChart","verifyMonthlySandCubesChart",""
"skipped","Sun Sep 21 09:01:07 UTC 2025","Sun Sep 21 09:01:07 UTC 2025","0","Suite","Test","PoliceOfficer.policeofficersignin","PoliceOfficer.policeofficersignin","checkEmptyVehicleNumber","Check form validation for empty vehicle number",""
"skipped","Sun Sep 21 08:31:46 UTC 2025","Sun Sep 21 08:31:46 UTC 2025","0","Suite","Test","Home.Resetpassword","Home.Resetpassword","testRequestPasswordResetWithUnregisteredEmail","testRequestPasswordResetWithUnregisteredEmail",""
"passed","Sun Sep 21 09:03:52 UTC 2025","Sun Sep 21 09:03:55 UTC 2025","3082","Suite","Test","GeneralPublic.GeneralPublicDashboard","GeneralPublic.GeneralPublicDashboard","openWebsite","openWebsite",""
"passed","Sun Sep 21 08:42:42 UTC 2025","Sun Sep 21 08:42:50 UTC 2025","8287","Suite","Test","MLOwner.RoyaltyPayementTest","MLOwner.RoyaltyPayementTest","enterNonNumericAmountShouldFail","enterNonNumericAmountShouldFail",""
"passed","Sun Sep 21 08:36:02 UTC 2025","Sun Sep 21 08:36:08 UTC 2025","5692","Suite","Test","MLOwner.LicensesPageTest","MLOwner.LicensesPageTest","navigateToLicensesPage","navigateToLicensesPage",""
"passed","Sun Sep 21 09:05:04 UTC 2025","Sun Sep 21 09:05:04 UTC 2025","21","Suite","Test","MiningEngineer.AppointmentsSetDateTest","MiningEngineer.AppointmentsSetDateTest","testSetDateButtonVisibility","testSetDateButtonVisibility",""
"passed","Sun Sep 21 08:38:14 UTC 2025","Sun Sep 21 08:38:25 UTC 2025","10365","Suite","Test","MLOwner.DispatchHistoryTest","MLOwner.DispatchHistoryTest","testCompleteDispatchHistoryFlow","testCompleteDispatchHistoryFlow",""
"passed","Sun Sep 21 08:45:36 UTC 2025","Sun Sep 21 08:45:46 UTC 2025","9612","Suite","Test","GSMBOfficer.MiningLicenseTestSuite","GSMBOfficer.MiningLicenseTestSuite","testInvalidDataValidation","testInvalidDataValidation",""
"passed","Sun Sep 21 08:36:16 UTC 2025","Sun Sep 21 08:36:30 UTC 2025","13883","Suite","Test","MLOwner.LicensesPageTest","MLOwner.LicensesPageTest","testSearchWithInvalidInput","testSearchWithInvalidInput",""
"passed","Sun Sep 21 09:01:26 UTC 2025","Sun Sep 21 09:02:29 UTC 2025","62669","Suite","Test","PoliceOfficer.invalidnumber","PoliceOfficer.invalidnumber","validateInvalidLicenseResponse","validateInvalidLicenseResponse",""
"passed","Sun Sep 21 08:43:33 UTC 2025","Sun Sep 21 08:43:39 UTC 2025","5393","Suite","Test","GSMBOfficer.GsmbOfficerSignin","GSMBOfficer.GsmbOfficerSignin","testInvalidPasswordLogin","testInvalidPasswordLogin",""
"passed","Sun Sep 21 08:40:26 UTC 2025","Sun Sep 21 08:40:32 UTC 2025","5511","Suite","Test","MLOwner.RoyaltyPayementTest","MLOwner.RoyaltyPayementTest","invalidLoginShouldFail","invalidLoginShouldFail",""
"passed","Sun Sep 21 08:51:47 UTC 2025","Sun Sep 21 08:52:53 UTC 2025","66159","Suite","Test","GSMBOfficer.TPLandMLview","GSMBOfficer.TPLandMLview","testComplaintsPagination","testComplaintsPagination",""
"skipped","Sun Sep 21 08:31:42 UTC 2025","Sun Sep 21 08:31:42 UTC 2025","0","Suite","Test","Home.homepage","Home.homepage","testLoginButton","testLoginButton",""
"passed","Sun Sep 21 09:05:16 UTC 2025","Sun Sep 21 09:05:16 UTC 2025","150","Suite","Test","MiningEngineer.AppointmentsTabNavigationTest","MiningEngineer.AppointmentsTabNavigationTest","testSwitchToPendingTab","testSwitchToPendingTab",""
"passed","Sun Sep 21 08:43:28 UTC 2025","Sun Sep 21 08:43:33 UTC 2025","5442","Suite","Test","GSMBOfficer.GsmbOfficerSignin","GSMBOfficer.GsmbOfficerSignin","testInvalidUsernameLogin","testInvalidUsernameLogin",""
"passed","Sun Sep 21 09:13:03 UTC 2025","Sun Sep 21 09:13:10 UTC 2025","6614","Suite","Test","GSMBManagement.GSMBManagementDashboard","GSMBManagement.GSMBManagementDashboard","verifyTransportLicenseChart","verifyTransportLicenseChart",""
"skipped","Sun Sep 21 08:31:46 UTC 2025","Sun Sep 21 08:31:46 UTC 2025","0","Suite","Test","Home.Resetpassword","Home.Resetpassword","testResetPasswordWithToken","testResetPasswordWithToken",""
"passed","Sun Sep 21 08:58:04 UTC 2025","Sun Sep 21 08:58:09 UTC 2025","4837","Suite","Test","GSMBOfficer.ValidateLicense","GSMBOfficer.ValidateLicense","testSuccessfulLogin","testSuccessfulLogin",""
"passed","Sun Sep 21 08:43:14 UTC 2025","Sun Sep 21 08:43:19 UTC 2025","5050","Suite","Test","MLOwner.RoyaltyPayementTest","MLOwner.RoyaltyPayementTest","simulateSuccessPaymentCallback","simulateSuccessPaymentCallback",""
"passed","Sun Sep 21 08:34:16 UTC 2025","Sun Sep 21 08:34:27 UTC 2025","11077","Suite","Test","MLOwner.MLRequestFormTest","MLOwner.MLRequestFormTest","selectDistrictAndDivision","selectDistrictAndDivision",""
"passed","Sun Sep 21 08:47:52 UTC 2025","Sun Sep 21 08:51:18 UTC 2025","206093","Suite","Test","GSMBOfficer.GSMBmlTab","GSMBOfficer.GSMBmlTab","gsmbSignin","gsmbSignin",""
"passed","Sun Sep 21 09:04:40 UTC 2025","Sun Sep 21 09:04:49 UTC 2025","8843","Suite","Test","GeneralPublic.InvalidNumber","GeneralPublic.InvalidNumber","handleInvalidAlertOrMessage","handleInvalidAlertOrMessage",""
"passed","Sun Sep 21 09:05:06 UTC 2025","Sun Sep 21 09:05:06 UTC 2025","625","Suite","Test","MiningEngineer.AppointmentsSetDateTest","MiningEngineer.AppointmentsSetDateTest","testPastDateDisabled","testPastDateDisabled",""
"passed","Sun Sep 21 08:37:12 UTC 2025","Sun Sep 21 08:37:18 UTC 2025","5478","Suite","Test","MLOwner.DispatchHistoryTest","MLOwner.DispatchHistoryTest","navigateToDispatchHistory","navigateToDispatchHistory",""
"broken","Sun Sep 21 08:59:04 UTC 2025","Sun Sep 21 08:59:46 UTC 2025","42295","Suite","Test","GSMBOfficer.ValidateLicense","GSMBOfficer.ValidateLicense","testLicenseValidationWorkflow","testLicenseValidationWorkflow",""
"passed","Sun Sep 21 08:44:37 UTC 2025","Sun Sep 21 08:44:46 UTC 2025","9536","Suite","Test","GSMBOfficer.MiningLicenseTestSuite","GSMBOfficer.MiningLicenseTestSuite","testDatePickerFields","testDatePickerFields",""
"passed","Sun Sep 21 08:54:27 UTC 2025","Sun Sep 21 08:54:42 UTC 2025","15323","Suite","Test","GSMBOfficer.PhysicalMeeting","GSMBOfficer.PhysicalMeeting","testApprovalValidationWithoutComments","testApprovalValidationWithoutComments",""
"skipped","Sun Sep 21 08:31:46 UTC 2025","Sun Sep 21 08:31:46 UTC 2025","0","Suite","Test","Home.Resetpassword","Home.Resetpassword","testRequestPasswordResetWithInvalidEmail","testRequestPasswordResetWithInvalidEmail",""
"passed","Sun Sep 21 08:38:43 UTC 2025","Sun Sep 21 08:38:59 UTC 2025","16594","Suite","Test","MLOwner.DispatchLoadPageTest","MLOwner.DispatchLoadPageTest","fillDispatchFormFields","fillDispatchFormFields",""
"passed","Sun Sep 21 08:32:20 UTC 2025","Sun Sep 21 08:32:25 UTC 2025","5087","Suite","Test","MLOwner.mlownersingin","MLOwner.mlownersingin","mlsignin","mlsignin",""
"skipped","Sun Sep 21 08:31:42 UTC 2025","Sun Sep 21 08:31:42 UTC 2025","0","Suite","Test","Home.Register","Home.Register","testRegisterPasswordMismatch","testRegisterPasswordMismatch",""
"passed","Sun Sep 21 08:41:01 UTC 2025","Sun Sep 21 08:41:41 UTC 2025","40016","Suite","Test","MLOwner.RoyaltyPayementTest","MLOwner.RoyaltyPayementTest","selectMasterCardAndPay","selectMasterCardAndPay",""
"passed","Sun Sep 21 09:05:26 UTC 2025","Sun Sep 21 09:05:41 UTC 2025","15289","Suite","Test","MiningEngineer.AppointmentsViewDetailsTest","MiningEngineer.AppointmentsViewDetailsTest","testViewDetailsInPendingTab","testViewDetailsInPendingTab",""
"broken","Sun Sep 21 08:31:42 UTC 2025","Sun Sep 21 08:31:42 UTC 2025","1","Suite","Test","Home.Register","Home.Register","setup","setup",""
"passed","Sun Sep 21 08:40:54 UTC 2025","Sun Sep 21 08:41:01 UTC 2025","7299","Suite","Test","MLOwner.RoyaltyPayementTest","MLOwner.RoyaltyPayementTest","submitRoyaltyForm","submitRoyaltyForm",""
"passed","Sun Sep 21 09:12:24 UTC 2025","Sun Sep 21 09:12:30 UTC 2025","6597","Suite","Test","GSMBManagement.GSMBManagementDashboard","GSMBManagement.GSMBManagementDashboard","verifyPieChartsPresence","verifyPieChartsPresence",""
"passed","Sun Sep 21 09:02:29 UTC 2025","Sun Sep 21 09:03:08 UTC 2025","38983","Suite","Test","PoliceOfficer.invalidnumber","PoliceOfficer.invalidnumber","handleReportButtonIfPresent","handleReportButtonIfPresent",""
"passed","Sun Sep 21 08:47:29 UTC 2025","Sun Sep 21 08:47:51 UTC 2025","22470","Suite","Test","GSMBOfficer.RequestMining","GSMBOfficer.RequestMining","testCompleteScheduleCreation","testCompleteScheduleCreation",""
"broken","Sun Sep 21 08:58:20 UTC 2025","Sun Sep 21 08:59:02 UTC 2025","41365","Suite","Test","GSMBOfficer.ValidateLicense","GSMBOfficer.ValidateLicense","testOpenLicenseValidationModal","testOpenLicenseValidationModal",""
"passed","Sun Sep 21 08:46:18 UTC 2025","Sun Sep 21 08:46:36 UTC 2025","18501","Suite","Test","GSMBOfficer.RequestMining","GSMBOfficer.RequestMining","testViewButtonFunctionality","testViewButtonFunctionality",""
"passed","Sun Sep 21 08:35:16 UTC 2025","Sun Sep 21 08:35:23 UTC 2025","7088","Suite","Test","MLOwner.MLRequestFormTest","MLOwner.MLRequestFormTest","testFormResetFunctionality","testFormResetFunctionality",""
"passed","Sun Sep 21 08:36:46 UTC 2025","Sun Sep 21 08:36:54 UTC 2025","8608","Suite","Test","MLOwner.LicensesPageTest","MLOwner.LicensesPageTest","testLicenseCardInteractions","testLicenseCardInteractions",""
"passed","Sun Sep 21 09:12:51 UTC 2025","Sun Sep 21 09:13:03 UTC 2025","11640","Suite","Test","GSMBManagement.GSMBManagementDashboard","GSMBManagement.GSMBManagementDashboard","verifyTopContributors","verifyTopContributors",""
"passed","Sun Sep 21 09:11:58 UTC 2025","Sun Sep 21 09:12:05 UTC 2025","6517","Suite","Test","GSMBManagement.GSMBManagementDashboard","GSMBManagement.GSMBManagementDashboard","loginToDashboard","loginToDashboard",""
"passed","Sun Sep 21 08:56:43 UTC 2025","Sun Sep 21 08:56:52 UTC 2025","9750","Suite","Test","GSMBOfficer.RequestMiningFilter","GSMBOfficer.RequestMiningFilter","testApprovedFilter","testApprovedFilter",""
"skipped","Sun Sep 21 09:04:28 UTC 2025","Sun Sep 21 09:04:28 UTC 2025","0","Suite","Test","GeneralPublic.GeneralPublicDashboard","GeneralPublic.GeneralPublicDashboard","enterInvalidVehicleNumberFormat","enterInvalidVehicleNumberFormat",""
